{"cameraMode":{"drawMode":0,"name":"Shaded","section":"Shading Mode"},"sceneLighting":false,"audioPlay":false,"sceneViewState":{"showFog":true,"showMaterialUpdate":false,"showSkybox":false,"showFlares":true,"showImageEffects":true,"showParticleSystems":true,"showVisualEffectGraphs":true,"m_FxEnabled":true},"in2DMode":false,"pivot":{"x":-1.2349060773849488,"y":0.6858665943145752,"z":0.00367862731218338},"rotation":{"x":0.2481445074081421,"y":0.34368637204170229,"z":-0.09466788172721863,"w":0.9007691144943237},"size":1.5048307180404664,"orthographic":false}