{"cameraMode":{"drawMode":0,"name":"Shaded","section":"Shading Mode"},"sceneLighting":false,"audioPlay":false,"sceneViewState":{"showFog":true,"showMaterialUpdate":false,"showSkybox":false,"showFlares":true,"showImageEffects":true,"showParticleSystems":true,"showVisualEffectGraphs":true,"m_FxEnabled":true},"in2DMode":false,"pivot":{"x":0.23989248275756837,"y":4.494424343109131,"z":0.37720775604248049},"rotation":{"x":-0.282781183719635,"y":0.02789890579879284,"z":-0.008245732635259629,"w":-0.9587720632553101},"size":8.385708808898926,"orthographic":false}